<?xml version="1.0" encoding="utf-8"?>
<ApplicationInstallerManifest>
   <DefaultInstallationDirectory>/Applications/AllFile_specgram_viewer_Mac</DefaultInstallationDirectory>
   <ApplicationName>AllFile_specgram_viewer_Mac</ApplicationName>
   <ExecutableName>application/AllFile_specgram_viewer_Mac.exe.exe.exe</ExecutableName>
   <GUID>3d273e66-46ee-4665-927c-fd8733e970ed</GUID>
   <Icon>default_icon_48.png</Icon>
   <SplashScreen>splash6219446322466563592.tmp</SplashScreen>
   <Logo>logo8209080902495902274.tmp</Logo>
   <Version>1.0</Version>
   <AuthorOrganization>MPL-SIO-UCSD</AuthorOrganization>
   <WelcomePanelText>AllFile_specgram_viewer_Mac 1.0
Aaron Thode
athode@ucsd.edu</WelcomePanelText>
</ApplicationInstallerManifest>