<?xml version="1.0" encoding="utf-8"?>
<ApplicationInstallerManifest>
   <DefaultInstallationDirectory>/Applications/AllFile_specgram_viewer_Mac</DefaultInstallationDirectory>
   <ApplicationName>AllFile_specgram_viewer_Mac</ApplicationName>
   <ExecutableName>application/AllFile_specgram_viewer_Mac.exe.exe.exe</ExecutableName>
   <GUID>f483e4e2-2bd3-4b9a-a3b5-fda42075ae0e</GUID>
   <Icon>default_icon_48.png</Icon>
   <SplashScreen>splash6179855657683385737.tmp</SplashScreen>
   <Logo>logo3900499377158634147.tmp</Logo>
   <Version>1.0</Version>
   <AuthorOrganization>MPL-SIO-UCSD</AuthorOrganization>
   <WelcomePanelText>AllFile_specgram_viewer_Mac 1.0
Aaron Thode
athode@ucsd.edu</WelcomePanelText>
</ApplicationInstallerManifest>