<?xml version="1.0" encoding="utf-8"?>
<productAdditionalComps>
   <dependsOn>
      <component>
         <name>AllFile_specgram_viewer_Mac</name>
         <locale/>
         <platformList>
            <platform>maci64</platform>
         </platformList>
         <version>1.0</version>
      </component>
   </dependsOn>
   <isControllingProduct>true</isControllingProduct>
   <platform>maci64</platform>
   <productName>AllFile_specgram_viewer_Mac</productName>
   <productNumber>5000</productNumber>
   <productVersion>1.0</productVersion>
   <releaseFamily>R2013b</releaseFamily>
</productAdditionalComps>